"name","numbirths_oldyr","numbirths_newyr","rate_oldyr","rate_newyr","pctchange"
"Thea",7,47,2.9,20.1,593.1
"Adaline",5,31,2.1,13.3,533.3
"Everleigh",5,27,2.1,11.6,452.4
"Lennon",5,27,2.1,11.6,452.4
"Everly",22,110,9.1,47.1,417.6
"Zara",5,24,2.1,10.3,390.5
"Remi",5,23,2.1,9.9,371.4
"Leilani",6,26,2.5,11.1,344
"Margot",7,28,2.9,12,313.8
"Magnolia",6,24,2.5,10.3,312
"River",8,31,3.3,13.3,303
"Luna",24,92,9.9,39.4,298
"Marwa",6,23,2.5,9.9,296
"Sloane",15,57,6.2,24.4,293.5
"Nova",14,53,5.8,22.7,291.4
"Raelynn",11,42,4.6,18,291.3
"Blake",8,30,3.3,12.8,287.9
"Ophelia",5,19,2.1,8.1,285.7
"Loretta",5,18,2.1,7.7,266.7
"Rosie",5,18,2.1,7.7,266.7
"Rowan",14,49,5.8,21,262.1
"Elaine",5,16,2.1,6.9,228.6
"Poppy",5,16,2.1,6.9,228.6
"Veda",5,16,2.1,6.9,228.6
"Harley",7,20,2.9,8.6,196.6
"Maida",8,22,3.3,9.4,184.8
"Wren",7,19,2.9,8.1,179.3
"Evie",8,21,3.3,9,172.7
"Parker",10,26,4.1,11.1,170.7
"Reyna",5,13,2.1,5.6,166.7
"Ida",7,18,2.9,7.7,165.5
"Emersyn",17,43,7,18.4,162.9
"Mara",13,33,5.4,14.1,161.1
"Aspen",11,28,4.6,12,160.9
"Astrid",6,15,2.5,6.4,156
"Vera",16,39,6.6,16.7,153
"Luella",10,24,4.1,10.3,151.2
"Ada",20,48,8.3,20.6,148.2
"Emery",19,45,7.9,19.3,144.3
"Felicity",9,21,3.7,9,143.2
"Elliott",5,12,2.1,5.1,142.9
"Gracelynn",5,12,2.1,5.1,142.9
"Manha",5,12,2.1,5.1,142.9
"Elouise",6,14,2.5,6,140
"Penny",6,14,2.5,6,140
"Logan",8,18,3.3,7.7,133.3
"Paislee",8,18,3.3,7.7,133.3
"Harlow",12,27,5,11.6,132
"Kaia",13,29,5.4,12.4,129.6
"Frances",14,31,5.8,13.3,129.3
"Hazel",86,189,35.6,80.9,127.2
"Camila",26,57,10.8,24.4,125.9
"Collins",6,13,2.5,5.6,124
"Amara",11,24,4.6,10.3,123.9
"Amal",5,11,2.1,4.7,123.8
"Mariam",5,11,2.1,4.7,123.8
"Rory",7,15,2.9,6.4,120.7
"Valentina",7,15,2.9,6.4,120.7
"Raegan",10,21,4.1,9,119.5
"Myra",9,19,3.7,8.1,118.9
"Eliza",29,61,12,26.1,117.5
"Mila",67,141,27.8,60.4,117.3
"Kinsley",43,90,17.8,38.5,116.3
"Matilda",11,23,4.6,9.9,115.2
"Leona",13,27,5.4,11.6,114.8
"Willa",18,37,7.5,15.8,110.7
"Madilyn",10,20,4.1,8.6,109.8
"Joy",9,18,3.7,7.7,108.1
"Winter",9,18,3.7,7.7,108.1
"Mira",12,24,5,10.3,106
"Farrah",5,10,2.1,4.3,104.8
"Flora",5,10,2.1,4.3,104.8
"Gretta",5,10,2.1,4.3,104.8
"Maryan",5,10,2.1,4.3,104.8
"Priscilla",5,10,2.1,4.3,104.8
"Diana",11,22,4.6,9.4,104.3
"Selena",11,22,4.6,9.4,104.3
"Maia",6,12,2.5,5.1,104
"Emilia",33,65,13.7,27.8,102.9
"Willow",49,96,20.3,41.1,102.5
"Joanna",18,35,7.5,15,100
"Aurora",54,104,22.4,44.5,98.7
"Colette",12,23,5,9.9,98
"Blair",9,17,3.7,7.3,97.3
"Meredith",9,17,3.7,7.3,97.3
"Raelyn",11,21,4.6,9,95.7
"Charli",7,13,2.9,5.6,93.1
"Isra",7,13,2.9,5.6,93.1
"Etta",13,24,5.4,10.3,90.7
"Eve",13,24,5.4,10.3,90.7
"Athena",23,42,9.5,18,89.5
"Aurelia",6,11,2.5,4.7,88
"Elliot",6,11,2.5,4.7,88
"Milana",6,11,2.5,4.7,88
"Monroe",6,11,2.5,4.7,88
"Mumtaz",6,11,2.5,4.7,88
"Ruthie",6,11,2.5,4.7,88
"Winifred",6,11,2.5,4.7,88
"Louisa",10,18,4.1,7.7,87.8
"Rosemary",9,16,3.7,6.9,86.5
"Arielle",5,9,2.1,3.9,85.7
"Crystal",5,9,2.1,3.9,85.7
"Haddie",5,9,2.1,3.9,85.7
"Taya",5,9,2.1,3.9,85.7
"Wynter",5,9,2.1,3.9,85.7
"Charlee",14,25,5.8,10.7,84.5
"Briella",24,42,9.9,18,81.8
"Phoenix",8,14,3.3,6,81.8
"Rose",37,64,15.3,27.4,79.1
"Mckinley",10,17,4.1,7.3,78
"Blakely",14,24,5.8,10.3,77.6
"Esther",20,34,8.3,14.6,75.9
"Belle",7,12,2.9,5.1,75.9
"Brynley",7,12,2.9,5.1,75.9
"Daleyza",7,12,2.9,5.1,75.9
"Brinley",16,27,6.6,11.6,75.8
"Selah",13,22,5.4,9.4,74.1
"Ivy",59,99,24.5,42.4,73.1
"Azalea",9,15,3.7,6.4,73
"Juliette",9,15,3.7,6.4,73
"Freya",27,45,11.2,19.3,72.3
"Ezra",6,10,2.5,4.3,72
"Virginia",6,10,2.5,4.3,72
"Maryam",14,23,5.8,9.9,70.7
"Asma",8,13,3.3,5.6,69.7
"Elaina",19,31,7.9,13.3,68.4
"Angelina",10,16,4.1,6.9,68.3
"Braelynn",10,16,4.1,6.9,68.3
"Dakota",10,16,4.1,6.9,68.3
"Amina",15,24,6.2,10.3,66.1
"Millie",20,32,8.3,13.7,65.1
"Iris",32,51,13.3,21.8,63.9
"Emmy",9,14,3.7,6,62.2
"Eloise",37,58,15.3,24.8,62.1
"Amaya",16,25,6.6,10.7,62.1
"Aviana",7,11,2.9,4.7,62.1
"Journey",7,11,2.9,4.7,62.1
"Zariah",7,11,2.9,4.7,62.1
"Sawyer",19,30,7.9,12.8,62
"Pearl",12,19,5,8.1,62
"Cali",5,8,2.1,3.4,61.9
"Lilith",5,8,2.1,3.4,61.9
"Makena",5,8,2.1,3.4,61.9
"Vayda",5,8,2.1,3.4,61.9
"Adalynn",34,53,14.1,22.7,61
"Josie",34,53,14.1,22.7,61
"Margaret",45,70,18.7,30,60.4
"Ariella",13,20,5.4,8.6,59.3
"Eleanor",111,170,46,72.8,58.3
"Salma",21,32,8.7,13.7,57.5
"Isla",72,109,29.8,46.7,56.7
"Lainey",16,24,6.6,10.3,56.1
"Addilyn",10,15,4.1,6.4,56.1
"Hana",10,15,4.1,6.4,56.1
"Ryleigh",10,15,4.1,6.4,56.1
"Lyra",6,9,2.5,3.9,56
"Marlee",6,9,2.5,3.9,56
"Sutton",6,9,2.5,3.9,56
"Tiffany",6,9,2.5,3.9,56
"Mabel",22,33,9.1,14.1,54.9
"Amiyah",8,12,3.3,5.1,54.5
"Della",8,12,3.3,5.1,54.5
"Penelope",79,118,32.7,50.5,54.4
"Delaney",20,30,8.3,12.8,54.2
"Maeve",17,25,7,10.7,52.9
"Juniper",15,22,6.2,9.4,51.6
"Arya",24,35,9.9,15,51.5
"Aliya",9,13,3.7,5.6,51.4
"Giselle",9,13,3.7,5.6,51.4
"Sloan",9,13,3.7,5.6,51.4
"Carmen",11,16,4.6,6.9,50
"Malia",14,20,5.8,8.6,48.3
"Coraline",7,10,2.9,4.3,48.3
"Lexie",7,10,2.9,4.3,48.3
"Skye",7,10,2.9,4.3,48.3
"Esme",19,27,7.9,11.6,46.8
"Eden",36,51,14.9,21.8,46.3
"Henley",10,14,4.1,6,46.3
"Alana",12,17,5,7.3,46
"Ximena",12,17,5,7.3,46
"Alissa",5,7,2.1,3,42.9
"Annabella",5,7,2.1,3,42.9
"Ari",5,7,2.1,3,42.9
"Clementine",5,7,2.1,3,42.9
"Elianna",5,7,2.1,3,42.9
"Ikhlas",5,7,2.1,3,42.9
"Joslyn",5,7,2.1,3,42.9
"Mika",5,7,2.1,3,42.9
"Mylah",5,7,2.1,3,42.9
"Najma",5,7,2.1,3,42.9
"Ramona",5,7,2.1,3,42.9
"Reina",5,7,2.1,3,42.9
"Juliana",18,25,7.5,10.7,42.7
"Yusra",16,22,6.6,9.4,42.4
"Eleanora",8,11,3.3,4.7,42.4
"Emmalyn",8,11,3.3,4.7,42.4
"Liv",8,11,3.3,4.7,42.4
"Samira",8,11,3.3,4.7,42.4
"Elena",35,48,14.5,20.6,42.1
"Adeline",75,103,31.1,44.1,41.8
"Lena",19,26,7.9,11.1,40.5
"Rosalie",19,26,7.9,11.1,40.5
"Dorothy",14,19,5.8,8.1,39.7
"Jayla",14,19,5.8,8.1,39.7
"Scarlett",93,124,38.5,53.1,37.9
"Adley",9,12,3.7,5.1,37.8
"Hanna",9,12,3.7,5.1,37.8
"Irene",9,12,3.7,5.1,37.8
"Zahra",9,12,3.7,5.1,37.8
"Mariana",10,13,4.1,5.6,36.6
"Samara",10,13,4.1,5.6,36.6
"Serena",10,13,4.1,5.6,36.6
"Lyla",44,58,18.2,24.8,36.3
"Joelle",6,8,2.5,3.4,36
"Nasra",6,8,2.5,3.4,36
"Lilah",25,33,10.4,14.1,35.6
"Kora",13,17,5.4,7.3,35.2
"Mae",13,17,5.4,7.3,35.2
"Melanie",23,30,9.5,12.8,34.7
"Genevieve",37,48,15.3,20.6,34.6
"Lia",7,9,2.9,3.9,34.5
"Laura",17,22,7,9.4,34.3
"Melody",27,35,11.2,15,33.9
"Teagan",27,35,11.2,15,33.9
"Edith",21,27,8.7,11.6,33.3
"Brynlee",42,54,17.4,23.1,32.8
"Maryama",14,18,5.8,7.7,32.8
"Jordyn",25,32,10.4,13.7,31.7
"Josephine",85,108,35.2,46.3,31.5
"Lucille",33,42,13.7,18,31.4
"Evelyn",248,314,102.8,134.5,30.8
"Evelynn",23,29,9.5,12.4,30.5
"Valerie",23,29,9.5,12.4,30.5
"Alma",11,14,4.6,6,30.4
"Muna",11,14,4.6,6,30.4
"Asha",8,10,3.3,4.3,30.3
"Estella",8,10,3.3,4.3,30.3
"Raya",8,10,3.3,4.3,30.3
"Scout",8,10,3.3,4.3,30.3
"Rylie",17,21,7,9,28.6
"Riley",71,88,29.4,37.7,28.2
"Lorelei",12,15,5,6.4,28
"Gloria",13,16,5.4,6.9,27.8
"Kenzie",21,26,8.7,11.1,27.6
"Paisley",69,85,28.6,36.4,27.3
"Celeste",9,11,3.7,4.7,27
"Hafsa",9,11,3.7,4.7,27
"Louise",9,11,3.7,4.7,27
"Vada",9,11,3.7,4.7,27
"Autumn",66,81,27.4,34.7,26.6
"Gemma",23,28,9.5,12,26.3
"Eliana",45,55,18.7,23.6,26.2
"Ana",14,17,5.8,7.3,25.9
"Jemma",14,17,5.8,7.3,25.9
"Juliet",14,17,5.8,7.3,25.9
"Marie",14,17,5.8,7.3,25.9
"Harper",215,261,89.1,111.8,25.5
"Alison",10,12,4.1,5.1,24.4
"Monica",10,12,4.1,5.1,24.4
"Vienna",10,12,4.1,5.1,24.4
"Ruth",30,36,12.4,15.4,24.2
"Aliza",5,6,2.1,2.6,23.8
"Anaya",5,6,2.1,2.6,23.8
"Gwen",5,6,2.1,2.6,23.8
"Jayde",5,6,2.1,2.6,23.8
"Karen",5,6,2.1,2.6,23.8
"Malaysia",5,6,2.1,2.6,23.8
"Ellie",100,119,41.4,51,23.2
"Amira",25,30,10.4,12.8,23.1
"Daisy",25,30,10.4,12.8,23.1
"Lexi",25,30,10.4,12.8,23.1
"Gwendolyn",17,20,7,8.6,22.9
"Cecilia",44,52,18.2,22.3,22.5
"Annalise",11,13,4.6,5.6,21.7
"Hanan",11,13,4.6,5.6,21.7
"Safa",11,13,4.6,5.6,21.7
"Sage",11,13,4.6,5.6,21.7
"Siham",11,13,4.6,5.6,21.7
"Greta",63,74,26.1,31.7,21.5
"Delilah",34,40,14.1,17.1,21.3
"June",34,40,14.1,17.1,21.3
"Emerson",30,35,12.4,15,21
"Noelle",30,35,12.4,15,21
"Nora",184,215,76.3,92.1,20.7
"Elora",6,7,2.5,3,20
"Ruwayda",6,7,2.5,3,20
"Gracelyn",20,23,8.3,9.9,19.3
"Gianna",33,38,13.7,16.3,19
"Charlotte",252,289,104.4,123.8,18.6
"Rayna",13,15,5.4,6.4,18.5
"Rylee",41,47,17,20.1,18.2
"Ariah",8,9,3.3,3.9,18.2
"Daniela",8,9,3.3,3.9,18.2
"Melissa",8,9,3.3,3.9,18.2
"Catalina",7,8,2.9,3.4,17.2
"Nancy",7,8,2.9,3.4,17.2
"Rahma",7,8,2.9,3.4,17.2
"Skyla",7,8,2.9,3.4,17.2
"Zelda",7,8,2.9,3.4,17.2
"Sylvia",23,26,9.5,11.1,16.8
"Bristol",16,18,6.6,7.7,16.7
"Helen",16,18,6.6,7.7,16.7
"Maxine",9,10,3.7,4.3,16.2
"Hallie",17,19,7,8.1,15.7
"Ingrid",25,28,10.4,12,15.4
"Sumaya",18,20,7.5,8.6,14.7
"Londyn",10,11,4.1,4.7,14.6
"Michaela",10,11,4.1,4.7,14.6
"Tegan",10,11,4.1,4.7,14.6
"Naomi",47,52,19.5,22.3,14.4
"Georgia",31,34,12.8,14.6,14.1
"Amelia",216,238,89.5,101.9,13.9
"Victoria",68,75,28.2,32.1,13.8
"Carly",21,23,8.7,9.9,13.8
"Harriet",20,22,8.3,9.4,13.3
"Sienna",22,24,9.1,10.3,13.2
"Lucia",36,39,14.9,16.7,12.1
"Sylvie",12,13,5,5.6,12
"Elle",15,16,6.2,6.9,11.3
"Dahlia",13,14,5.4,6,11.1
"Kenna",13,14,5.4,6,11.1
"Sierra",13,14,5.4,6,11.1
"Mercy",11,12,4.6,5.1,10.9
"Elsie",58,62,24,26.6,10.8
"Hattie",27,29,11.2,12.4,10.7
"Maci",27,29,11.2,12.4,10.7
"Emelia",14,15,5.8,6.4,10.3
"Caroline",45,48,18.7,20.6,10.2
"Scarlet",17,18,7,7.7,10
"Piper",82,87,34,37.3,9.7
"Reagan",51,54,21.1,23.1,9.5
"Fatima",19,20,7.9,8.6,8.9
"Vivian",96,101,39.8,43.3,8.8
"Finley",43,45,17.8,19.3,8.4
"Layla",96,100,39.8,42.8,7.5
"Sofia",74,77,30.7,33,7.5
"Laila",26,27,10.8,11.6,7.4
"Jade",30,31,12.4,13.3,7.3
"Jane",25,26,10.4,11.1,6.7
"Aria",112,115,46.4,49.3,6.2
"Lila",42,43,17.4,18.4,5.7
"Clara",97,99,40.2,42.4,5.5
"Anzal",9,9,3.7,3.9,5.4
"Baylee",9,9,3.7,3.9,5.4
"Kaelyn",9,9,3.7,3.9,5.4
"Quinn",104,106,43.1,45.4,5.3
"Cheyenne",10,10,4.1,4.3,4.9
"Ivory",10,10,4.1,4.3,4.9
"Liberty",10,10,4.1,4.3,4.9
"Lilliana",17,17,7,7.3,4.3
"Callie",23,23,9.5,9.9,4.2
"Angie",6,6,2.5,2.6,4
"Arden",6,6,2.5,2.6,4
"Evelina",6,6,2.5,2.6,4
"Faiza",6,6,2.5,2.6,4
"Hadassah",6,6,2.5,2.6,4
"Khadija",6,6,2.5,2.6,4
"Miah",6,6,2.5,2.6,4
"Petra",6,6,2.5,2.6,4
"Livia",13,13,5.4,5.6,3.7
"Yasmin",13,13,5.4,5.6,3.7
"Allie",20,20,8.3,8.6,3.6
"Camilla",14,14,5.8,6,3.4
"Aiyana",7,7,2.9,3,3.4
"Anya",7,7,2.9,3,3.4
"Aya",7,7,2.9,3,3.4
"Azaria",7,7,2.9,3,3.4
"Christine",7,7,2.9,3,3.4
"Cordelia",7,7,2.9,3,3.4
"Hailee",7,7,2.9,3,3.4
"Imani",7,7,2.9,3,3.4
"Liana",7,7,2.9,3,3.4
"Marianna",7,7,2.9,3,3.4
"Mina",7,7,2.9,3,3.4
"Myah",7,7,2.9,3,3.4
"Eva",61,61,25.3,26.1,3.2
"Reese",39,39,16.2,16.7,3.1
"Audra",8,8,3.3,3.4,3
"Dylan",8,8,3.3,3.4,3
"Francesca",8,8,3.3,3.4,3
"Janelle",8,8,3.3,3.4,3
"Linda",8,8,3.3,3.4,3
"Macey",8,8,3.3,3.4,3
"Marcella",8,8,3.3,3.4,3
"Munira",8,8,3.3,3.4,3
"Anastasia",25,25,10.4,10.7,2.9
"Beatrice",18,18,7.5,7.7,2.7
"Daphne",19,19,7.9,8.1,2.5
"Johanna",11,11,4.6,4.7,2.2
"Jordan",11,11,4.6,4.7,2.2
"Adrianna",12,12,5,5.1,2
"Alina",12,12,5,5.1,2
"Maya",68,67,28.2,28.7,1.8
"Aisha",58,57,24,24.4,1.7
"Lillian",148,145,61.3,62.1,1.3
"Kennedy",79,77,32.7,33,0.9
"Mia",129,125,53.5,53.5,0
"Gracie",31,30,12.8,12.8,0
"Alivia",28,27,11.6,11.6,0
"Afton",5,5,2.1,2.1,0
"Andie",5,5,2.1,2.1,0
"Charity",5,5,2.1,2.1,0
"Jazlyn",5,5,2.1,2.1,0
"Leela",5,5,2.1,2.1,0
"Maizie",5,5,2.1,2.1,0
"Moriah",5,5,2.1,2.1,0
"Nia",5,5,2.1,2.1,0
"Tallulah",5,5,2.1,2.1,0
"Cora",122,118,50.6,50.5,-0.2
"Violet",118,114,48.9,48.8,-0.2
"Haley",25,24,10.4,10.3,-1
"Camille",23,22,9.5,9.4,-1.1
"Audrey",134,128,55.5,54.8,-1.3
"Angel",17,16,7,6.9,-1.4
"Lucy",149,142,61.8,60.8,-1.6
"London",19,18,7.9,7.7,-2.5
"Macie",19,18,7.9,7.7,-2.5
"Destiny",16,15,6.6,6.4,-3
"Marley",16,15,6.6,6.4,-3
"Ariel",31,29,12.8,12.4,-3.1
"Elin",31,29,12.8,12.4,-3.1
"Camryn",14,13,5.8,5.6,-3.4
"Ainsley",27,25,11.2,10.7,-4.5
"Vivienne",27,25,11.2,10.7,-4.5
"Tessa",37,34,15.3,14.6,-4.6
"Adalyn",39,36,16.2,15.4,-4.9
"Elodie",10,9,4.1,3.9,-4.9
"Luciana",10,9,4.1,3.9,-4.9
"Ryan",10,9,4.1,3.9,-4.9
"Shiloh",10,9,4.1,3.9,-4.9
"Sidney",10,9,4.1,3.9,-4.9
"Annie",23,21,9.5,9,-5.3
"Asiya",13,12,5.4,5.1,-5.6
"Estelle",13,12,5.4,5.1,-5.6
"Nawal",13,12,5.4,5.1,-5.6
"Skyler",13,12,5.4,5.1,-5.6
"Mckenna",45,41,18.7,17.6,-5.9
"Alice",76,69,31.5,29.6,-6
"Bridget",12,11,5,4.7,-6
"Raina",12,11,5,4.7,-6
"Myla",30,27,12.4,11.6,-6.5
"Alexandria",11,10,4.6,4.3,-6.5
"Simone",11,10,4.6,4.3,-6.5
"Maren",21,19,8.7,8.1,-6.9
"Nina",20,18,8.3,7.7,-7.2
"Kira",19,17,7.9,7.3,-7.6
"Sara",19,17,7.9,7.3,-7.6
"Ciara",9,8,3.7,3.4,-8.1
"Gia",9,8,3.7,3.4,-8.1
"Madalyn",9,8,3.7,3.4,-8.1
"Rosa",9,8,3.7,3.4,-8.1
"Tatum",17,15,7,6.4,-8.6
"Aleena",8,7,3.3,3,-9.1
"Hadley",79,69,32.7,29.6,-9.5
"Angelica",7,6,2.9,2.6,-10.3
"Audrianna",7,6,2.9,2.6,-10.3
"Ayva",7,6,2.9,2.6,-10.3
"Betty",7,6,2.9,2.6,-10.3
"Meghan",7,6,2.9,2.6,-10.3
"Grace",200,173,82.9,74.1,-10.6
"Madison",118,102,48.9,43.7,-10.6
"Hannah",146,125,60.5,53.5,-11.6
"Madelyn",82,70,34,30,-11.8
"Haven",20,17,8.3,7.3,-12
"Addyson",14,12,5.8,5.1,-12.1
"Hayley",14,12,5.8,5.1,-12.1
"Zoey",124,105,51.4,45,-12.5
"Halle",19,16,7.9,6.9,-12.7
"Holly",19,16,7.9,6.9,-12.7
"Charlie",32,27,13.3,11.6,-12.8
"Ruby",121,102,50.2,43.7,-12.9
"Ellery",13,11,5.4,4.7,-13
"Ava",269,226,111.5,96.8,-13.2
"Adelaide",25,21,10.4,9,-13.5
"Elizabeth",178,149,73.8,63.8,-13.6
"Lily",122,102,50.6,43.7,-13.6
"Bella",55,46,22.8,19.7,-13.6
"Ahlam",12,10,5,4.3,-14
"Charley",12,10,5,4.3,-14
"Olivia",367,305,152.1,130.6,-14.1
"Ayla",36,30,14.9,12.8,-14.1
"Emma",346,287,143.4,122.9,-14.3
"Jada",18,15,7.5,6.4,-14.7
"Claire",129,106,53.5,45.4,-15.1
"Kyla",16,13,6.6,5.6,-15.2
"Celia",11,9,4.6,3.9,-15.2
"Iqra",11,9,4.6,3.9,-15.2
"Whitney",11,9,4.6,3.9,-15.2
"Adrienne",6,5,2.5,2.1,-16
"Emilee",6,5,2.5,2.1,-16
"Huda",6,5,2.5,2.1,-16
"Kairi",6,5,2.5,2.1,-16
"Kyrie",6,5,2.5,2.1,-16
"Lilianna",6,5,2.5,2.1,-16
"Viola",6,5,2.5,2.1,-16
"Zaynab",6,5,2.5,2.1,-16
"Fiona",62,50,25.7,21.4,-16.7
"Brooklynn",36,29,14.9,12.4,-16.8
"Erika",10,8,4.1,3.4,-17.1
"Helena",10,8,4.1,3.4,-17.1
"Janessa",10,8,4.1,3.4,-17.1
"Marilyn",10,8,4.1,3.4,-17.1
"Bailey",55,44,22.8,18.8,-17.5
"Phoebe",29,23,12,9.9,-17.5
"Sarah",53,42,22,18,-18.2
"Elise",62,49,25.7,21,-18.3
"Lydia",146,115,60.5,49.3,-18.5
"Stella",130,102,53.9,43.7,-18.9
"Amani",9,7,3.7,3,-18.9
"Anisa",9,7,3.7,3,-18.9
"Ellianna",9,7,3.7,3,-18.9
"Viviana",9,7,3.7,3,-18.9
"Kayla",28,22,11.6,9.4,-19
"Linnea",19,15,7.9,6.4,-19
"Danielle",14,11,5.8,4.7,-19
"Mya",46,36,19.1,15.4,-19.4
"Ella",194,151,80.4,64.7,-19.5
"Gabriella",73,57,30.3,24.4,-19.5
"Alaina",45,35,18.7,15,-19.8
"Arabella",22,17,9.1,7.3,-19.8
"Serenity",53,41,22,17.6,-20
"Zoe",78,60,32.3,25.7,-20.4
"Leighton",26,20,10.8,8.6,-20.4
"Sasha",13,10,5.4,4.3,-20.4
"Savannah",74,57,30.7,24.4,-20.5
"Nadia",21,16,8.7,6.9,-20.7
"Liliana",39,30,16.2,12.8,-21
"Aili",8,6,3.3,2.6,-21.2
"Jaida",8,6,3.3,2.6,-21.2
"Jovie",8,6,3.3,2.6,-21.2
"Kiana",8,6,3.3,2.6,-21.2
"Libby",8,6,3.3,2.6,-21.2
"Lilyana",8,6,3.3,2.6,-21.2
"Isabelle",87,66,36.1,28.3,-21.6
"Catherine",33,25,13.7,10.7,-21.9
"Lauryn",12,9,5,3.9,-22
"Lola",49,37,20.3,15.8,-22.2
"Isabel",47,35,19.5,15,-23.1
"Presley",23,17,9.5,7.3,-23.2
"Chloe",140,104,58,44.5,-23.3
"Cecelia",35,26,14.5,11.1,-23.4
"Kenley",19,14,7.9,6,-24.1
"Mckenzie",30,22,12.4,9.4,-24.2
"Andrea",22,16,9.1,6.9,-24.2
"Averie",15,11,6.2,4.7,-24.2
"Annabelle",70,51,29,21.8,-24.8
"Michelle",18,13,7.5,5.6,-25.3
"Savanna",18,13,7.5,5.6,-25.3
"Paige",71,51,29.4,21.8,-25.9
"Braelyn",14,10,5.8,4.3,-25.9
"Britta",14,10,5.8,4.3,-25.9
"Christina",14,10,5.8,4.3,-25.9
"Jennifer",14,10,5.8,4.3,-25.9
"Kali",14,10,5.8,4.3,-25.9
"Adelynn",25,18,10.4,7.7,-26
"Amanda",11,8,4.6,3.4,-26.1
"April",11,8,4.6,3.4,-26.1
"Faye",11,8,4.6,3.4,-26.1
"Paris",11,8,4.6,3.4,-26.1
"Sonja",11,8,4.6,3.4,-26.1
"Avery",209,149,86.6,63.8,-26.3
"Veronica",24,17,9.9,7.3,-26.3
"Hadlee",10,7,4.1,3,-26.8
"Justice",10,7,4.1,3,-26.8
"Leslie",10,7,4.1,3,-26.8
"Yaretzi",10,7,4.1,3,-26.8
"Sadie",75,53,31.1,22.7,-27
"Sabrina",23,16,9.5,6.9,-27.4
"Amirah",7,5,2.9,2.1,-27.6
"Claudia",7,5,2.9,2.1,-27.6
"Emerald",7,5,2.9,2.1,-27.6
"Heaven",7,5,2.9,2.1,-27.6
"Tess",7,5,2.9,2.1,-27.6
"Tia",7,5,2.9,2.1,-27.6
"Annika",40,28,16.6,12,-27.7
"Harmony",27,19,11.2,8.1,-27.7
"Laney",13,9,5.4,3.9,-27.8
"Macy",29,20,12,8.6,-28.3
"Skylar",55,38,22.8,16.3,-28.5
"Sophie",71,49,29.4,21,-28.6
"Peyton",93,64,38.5,27.4,-28.8
"Julianna",16,11,6.6,4.7,-28.8
"Maria",48,33,19.9,14.1,-29.1
"Bianca",19,13,7.9,5.6,-29.1
"Kate",32,22,13.3,9.4,-29.3
"Brianna",41,28,17,12,-29.4
"Cataleya",9,6,3.7,2.6,-29.7
"Julie",9,6,3.7,2.6,-29.7
"Kynlee",9,6,3.7,2.6,-29.7
"Mary",34,23,14.1,9.9,-29.8
"Olive",53,36,22,15.4,-30
"Sydney",65,44,26.9,18.8,-30.1
"Kimberly",28,19,11.6,8.1,-30.2
"Aliyah",30,20,12.4,8.6,-30.6
"Aniyah",15,10,6.2,4.3,-30.6
"Isabella",224,150,92.8,64.2,-30.8
"Hayden",48,32,19.9,13.7,-31.2
"Keira",33,22,13.7,9.4,-31.4
"Abigail",208,137,86.2,58.7,-31.9
"Elliana",50,33,20.7,14.1,-31.9
"Lilian",18,12,7.5,5.1,-32
"Madelynn",18,12,7.5,5.1,-32
"Mallory",32,21,13.3,9,-32.3
"Faith",61,40,25.3,17.1,-32.4
"Rebecca",26,17,10.8,7.3,-32.4
"Hailey",106,69,43.9,29.6,-32.6
"Makenna",37,24,15.3,10.3,-32.7
"Lyric",14,9,5.8,3.9,-32.8
"Rebekah",17,11,7,4.7,-32.9
"Katherine",48,31,19.9,13.3,-33.2
"Maggie",34,22,14.1,9.4,-33.3
"Taylor",62,40,25.7,17.1,-33.5
"Miriam",28,18,11.6,7.7,-33.6
"Madeline",103,66,42.7,28.3,-33.7
"Genesis",25,16,10.4,6.9,-33.7
"Natalie",142,91,58.9,39,-33.8
"Brielle",61,39,25.3,16.7,-34
"Hope",33,21,13.7,9,-34.3
"Vanessa",38,24,15.7,10.3,-34.4
"Tenley",27,17,11.2,7.3,-34.8
"Amber",11,7,4.6,3,-34.8
"Mikayla",11,7,4.6,3,-34.8
"Priya",11,7,4.6,3,-34.8
"Valeria",11,7,4.6,3,-34.8
"Julia",105,66,43.5,28.3,-34.9
"Rachel",35,22,14.5,9.4,-35.2
"Norah",79,49,32.7,21,-35.8
"Natalia",29,18,12,7.7,-35.8
"Evalyn",8,5,3.3,2.1,-36.4
"Hadleigh",8,5,3.3,2.1,-36.4
"Maisy",8,5,3.3,2.1,-36.4
"Teresa",8,5,3.3,2.1,-36.4
"Alessandra",10,6,4.1,2.6,-36.6
"Allyson",10,6,4.1,2.6,-36.6
"Kamryn",10,6,4.1,2.6,-36.6
"Molly",80,49,33.2,21,-36.7
"Summer",23,14,9.5,6,-36.8
"Ashley",36,22,14.9,9.4,-36.9
"Elyse",13,8,5.4,3.4,-37
"Leah",87,53,36.1,22.7,-37.1
"Lilly",41,25,17,10.7,-37.1
"Katie",15,9,6.2,3.9,-37.1
"Sophia",322,196,133.5,83.9,-37.2
"Aubrey",165,100,68.4,42.8,-37.4
"Addison",159,96,65.9,41.1,-37.6
"Payton",70,42,29,18,-37.9
"Jasmine",52,31,21.6,13.3,-38.4
"Madeleine",22,13,9.1,5.6,-38.5
"Alexa",44,26,18.2,11.1,-39
"Brooklyn",141,83,58.4,35.5,-39.2
"Samantha",78,45,32.3,19.3,-40.2
"Bria",19,11,7.9,4.7,-40.5
"Makenzie",26,15,10.8,6.4,-40.7
"Mariah",33,19,13.7,8.1,-40.9
"Alicia",16,9,6.6,3.9,-40.9
"Kiara",16,9,6.6,3.9,-40.9
"Emily",170,97,70.5,41.5,-41.1
"Jayda",21,12,8.7,5.1,-41.4
"Bethany",14,8,5.8,3.4,-41.4
"Clare",14,8,5.8,3.4,-41.4
"Brynn",73,41,30.3,17.6,-41.9
"Adelyn",57,32,23.6,13.7,-41.9
"Khloe",34,19,14.1,8.1,-42.6
"Kinley",38,21,15.7,9,-42.7
"Ariana",58,32,24,13.7,-42.9
"Morgan",78,43,32.3,18.4,-43
"Bailee",9,5,3.7,2.1,-43.2
"Jaelynn",9,5,3.7,2.1,-43.2
"Joselyn",9,5,3.7,2.1,-43.2
"Maliyah",9,5,3.7,2.1,-43.2
"Roselyn",9,5,3.7,2.1,-43.2
"Kaitlyn",20,11,8.3,4.7,-43.4
"Erin",11,6,4.6,2.6,-43.5
"Marin",11,6,4.6,2.6,-43.5
"Aaliyah",73,40,30.3,17.1,-43.6
"Maddison",13,7,5.4,3,-44.4
"Allison",77,41,31.9,17.6,-44.8
"Cadence",15,8,6.2,3.4,-45.2
"Talia",19,10,7.9,4.3,-45.6
"Kaylee",63,33,26.1,14.1,-46
"Kara",21,11,8.7,4.7,-46
"Nevaeh",64,33,26.5,14.1,-46.8
"Anna",117,60,48.5,25.7,-47
"Gabriela",12,6,5,2.6,-48
"Kiera",12,6,5,2.6,-48
"Lacey",20,10,8.3,4.3,-48.2
"Alexandra",56,28,23.2,12,-48.3
"Amelie",10,5,4.1,2.1,-48.8
"Avalyn",10,5,4.1,2.1,-48.8
"Jessa",10,5,4.1,2.1,-48.8
"Karina",10,5,4.1,2.1,-48.8
"Kassidy",10,5,4.1,2.1,-48.8
"Malaya",10,5,4.1,2.1,-48.8
"Shayla",10,5,4.1,2.1,-48.8
"Tori",10,5,4.1,2.1,-48.8
"Mackenzie",77,38,31.9,16.3,-48.9
"Lauren",126,61,52.2,26.1,-50
"Adriana",27,13,11.2,5.6,-50
"Evangeline",25,12,10.4,5.1,-51
"Leila",25,12,10.4,5.1,-51
"Lana",17,8,7,3.4,-51.4
"Chelsea",15,7,6.2,3,-51.6
"Cynthia",15,7,6.2,3,-51.6
"Kaydence",15,7,6.2,3,-51.6
"Elisabeth",13,6,5.4,2.6,-51.9
"Paityn",13,6,5.4,2.6,-51.9
"Gabrielle",41,19,17,8.1,-52.4
"Shelby",26,12,10.8,5.1,-52.8
"Kylie",81,36,33.6,15.4,-54.2
"Erica",11,5,4.6,2.1,-54.3
"Nola",11,5,4.6,2.1,-54.3
"Cassidy",18,8,7.5,3.4,-54.7
"Jillian",18,8,7.5,3.4,-54.7
"Amy",25,11,10.4,4.7,-54.8
"Alayna",47,20,19.5,8.6,-55.9
"Megan",31,13,12.8,5.6,-56.2
"Brooke",59,25,24.5,10.7,-56.3
"Kendall",57,24,23.6,10.3,-56.4
"Jessica",26,11,10.8,4.7,-56.5
"Aleah",15,6,6.2,2.6,-58.1
"Brenna",15,6,6.2,2.6,-58.1
"Jayden",15,6,6.2,2.6,-58.1
"Lindsey",15,6,6.2,2.6,-58.1
"Kylee",25,10,10.4,4.3,-58.7
"Nicole",25,10,10.4,4.3,-58.7
"Kendra",36,14,14.9,6,-59.7
"Jacqueline",18,7,7.5,3,-60
"Abby",16,6,6.6,2.6,-60.6
"Jenna",29,11,12,4.7,-60.8
"Aubree",90,34,37.3,14.6,-60.9
"Kelsey",21,8,8.7,3.4,-60.9
"Anne",13,5,5.4,2.1,-61.1
"Miley",13,5,5.4,2.1,-61.1
"Jocelyn",50,18,20.7,7.7,-62.8
"Bryn",17,6,7,2.6,-62.9
"Stephanie",17,6,7,2.6,-62.9
"Alyssa",45,16,18.7,6.9,-63.1
"Ashlyn",31,11,12.8,4.7,-63.3
"Izabella",34,12,14.1,5.1,-63.8
"Alexis",117,40,48.5,17.1,-64.7
"Trinity",35,12,14.5,5.1,-64.8
"Adele",15,5,6.2,2.1,-66.1
"Kathryn",29,9,12,3.9,-67.5
"Angela",26,8,10.8,3.4,-68.5
"Makayla",34,10,14.1,4.3,-69.5
"Kyra",18,5,7.5,2.1,-72
"Anika",26,7,10.8,3,-72.2
"Arianna",87,22,36.1,9.4,-74
"Ashlynn",30,7,12.4,3,-75.8
"Alexia",23,5,9.5,2.1,-77.9
"Katelyn",42,8,17.4,3.4,-80.5
"Elsa",53,9,22,3.9,-82.3
